Tag,Label
101,Goal
102,own_goal
301,assist
302,keyPass
1901,counter_attack
401,Left
402,Right
403,head/body
1101,direct
1102,indirect
2001,dangerous_ball_lost
2101,blocked
801,high
802,low
1401,interception
1501,clearance
201,opportunity
1301,Feint
1302,missed ball
501,free_space_r
502,free_space_l
503,take_on_l
504,take_on_r
1601,sliding_tackle
601,anticipated
602,anticipation
1701,red_card
1702,yellow_card
1703,second_yellow_card
1201,gb
1202,gbr
1203,gc
1204,gl
1205,glb
1206,gr
1207,gt
1208,gtl
1209,gtr
1210,obr
1211,ol
1212,olb
1213,or
1214,ot
1215,otl
1216,otr
1217,pbr
1218,pl
1219,plb
1220,pr
1221,pt
1222,ptl
1223,ptr
901,through
1001,fairplay
701,lost
702,neutral
703,won
1801,accurate
1802,not accurate
